Model,Scenario,Accuracy,Latency_ms,TTFT_ms,Prompt_Tokens,Completion_Tokens,Error_Type
Traditional,DataRetrieval,true,26.657,-1.000,0,0,
Traditional,DataNormalization,true,2.374,-1.000,0,0,
Traditional,CommandExecution,true,14.561,-1.000,0,0,
Traditional,DataRetrieval,true,1.671,-1.000,0,0,
Traditional,DataNormalization,true,0.499,-1.000,0,0,
Traditional,CommandExecution,true,1.747,-1.000,0,0,
Traditional,DataRetrieval,true,0.952,-1.000,0,0,
Traditional,DataNormalization,true,4.064,-1.000,0,0,
Traditional,CommandExecution,true,2.106,-1.000,0,0,
Traditional,DataRetrieval,true,1.287,-1.000,0,0,
Traditional,DataNormalization,true,0.154,-1.000,0,0,
Traditional,CommandExecution,true,1.595,-1.000,0,0,
Traditional,DataRetrieval,true,1.327,-1.000,0,0,
Traditional,DataNormalization,true,0.171,-1.000,0,0,
Traditional,CommandExecution,true,1.996,-1.000,0,0,
Traditional,DataRetrieval,true,1.247,-1.000,0,0,
Traditional,DataNormalization,true,0.121,-1.000,0,0,
Traditional,CommandExecution,true,1.671,-1.000,0,0,
Traditional,DataRetrieval,true,0.816,-1.000,0,0,
Traditional,DataNormalization,true,0.101,-1.000,0,0,
Traditional,CommandExecution,true,1.607,-1.000,0,0,
Traditional,DataRetrieval,true,1.238,-1.000,0,0,
Traditional,DataNormalization,true,0.230,-1.000,0,0,
Traditional,CommandExecution,true,2.560,-1.000,0,0,
Traditional,DataRetrieval,true,1.256,-1.000,0,0,
Traditional,DataNormalization,true,0.142,-1.000,0,0,
Traditional,CommandExecution,true,1.872,-1.000,0,0,
Traditional,DataRetrieval,true,1.163,-1.000,0,0,
Traditional,DataNormalization,true,0.116,-1.000,0,0,
Traditional,CommandExecution,true,1.916,-1.000,0,0,
Traditional,DataRetrieval,true,0.982,-1.000,0,0,
Traditional,DataNormalization,true,0.110,-1.000,0,0,
Traditional,CommandExecution,true,1.600,-1.000,0,0,
Traditional,DataRetrieval,true,0.855,-1.000,0,0,
Traditional,DataNormalization,true,0.168,-1.000,0,0,
Traditional,CommandExecution,true,1.847,-1.000,0,0,
Traditional,DataRetrieval,true,0.984,-1.000,0,0,
Traditional,DataNormalization,true,0.386,-1.000,0,0,
Traditional,CommandExecution,true,1.716,-1.000,0,0,
Traditional,DataRetrieval,true,0.915,-1.000,0,0,
Traditional,DataNormalization,true,0.147,-1.000,0,0,
Traditional,CommandExecution,true,1.569,-1.000,0,0,
Traditional,DataRetrieval,true,0.776,-1.000,0,0,
Traditional,DataNormalization,true,0.098,-1.000,0,0,
Traditional,CommandExecution,true,1.625,-1.000,0,0,
Traditional,DataRetrieval,true,0.979,-1.000,0,0,
Traditional,DataNormalization,true,0.141,-1.000,0,0,
Traditional,CommandExecution,true,1.655,-1.000,0,0,
Traditional,DataRetrieval,true,0.845,-1.000,0,0,
Traditional,DataNormalization,true,0.097,-1.000,0,0,
Traditional,CommandExecution,true,1.481,-1.000,0,0,
Traditional,DataRetrieval,true,0.900,-1.000,0,0,
Traditional,DataNormalization,true,0.130,-1.000,0,0,
Traditional,CommandExecution,true,1.518,-1.000,0,0,
Traditional,DataRetrieval,true,1.130,-1.000,0,0,
Traditional,DataNormalization,true,0.133,-1.000,0,0,
Traditional,CommandExecution,true,1.552,-1.000,0,0,
Traditional,DataRetrieval,true,0.776,-1.000,0,0,
Traditional,DataNormalization,true,0.157,-1.000,0,0,
Traditional,CommandExecution,true,1.471,-1.000,0,0,
Traditional,DataRetrieval,true,0.868,-1.000,0,0,
Traditional,DataNormalization,true,0.142,-1.000,0,0,
Traditional,CommandExecution,true,1.441,-1.000,0,0,
Traditional,DataRetrieval,true,1.016,-1.000,0,0,
Traditional,DataNormalization,true,0.078,-1.000,0,0,
Traditional,CommandExecution,true,1.617,-1.000,0,0,
Traditional,DataRetrieval,true,0.698,-1.000,0,0,
Traditional,DataNormalization,true,0.102,-1.000,0,0,
Traditional,CommandExecution,true,1.534,-1.000,0,0,
Traditional,DataRetrieval,true,0.800,-1.000,0,0,
Traditional,DataNormalization,true,0.158,-1.000,0,0,
Traditional,CommandExecution,true,1.496,-1.000,0,0,
Traditional,DataRetrieval,true,0.725,-1.000,0,0,
Traditional,DataNormalization,true,0.109,-1.000,0,0,
Traditional,CommandExecution,true,1.458,-1.000,0,0,
Traditional,DataRetrieval,true,0.738,-1.000,0,0,
Traditional,DataNormalization,true,0.104,-1.000,0,0,
Traditional,CommandExecution,true,1.628,-1.000,0,0,
Traditional,DataRetrieval,true,0.773,-1.000,0,0,
Traditional,DataNormalization,true,0.104,-1.000,0,0,
Traditional,CommandExecution,true,1.484,-1.000,0,0,
Traditional,DataRetrieval,true,0.822,-1.000,0,0,
Traditional,DataNormalization,true,0.127,-1.000,0,0,
Traditional,CommandExecution,true,1.651,-1.000,0,0,
Traditional,DataRetrieval,true,0.898,-1.000,0,0,
Traditional,DataNormalization,true,0.095,-1.000,0,0,
Traditional,CommandExecution,true,2.316,-1.000,0,0,
Traditional,DataRetrieval,true,0.968,-1.000,0,0,
Traditional,DataNormalization,true,0.114,-1.000,0,0,
Traditional,CommandExecution,true,1.619,-1.000,0,0,
Traditional,DataRetrieval,true,0.877,-1.000,0,0,
Traditional,DataNormalization,true,0.166,-1.000,0,0,
Traditional,CommandExecution,true,1.609,-1.000,0,0,
Traditional,DataRetrieval,true,1.097,-1.000,0,0,
Traditional,DataNormalization,true,0.093,-1.000,0,0,
Traditional,CommandExecution,true,2.565,-1.000,0,0,
Traditional,DataRetrieval,true,0.839,-1.000,0,0,
Traditional,DataNormalization,true,0.103,-1.000,0,0,
Traditional,CommandExecution,true,1.643,-1.000,0,0,
Traditional,DataRetrieval,true,0.954,-1.000,0,0,
Traditional,DataNormalization,true,0.092,-1.000,0,0,
Traditional,CommandExecution,true,1.438,-1.000,0,0,
Traditional,DataRetrieval,true,1.247,-1.000,0,0,
Traditional,DataNormalization,true,0.137,-1.000,0,0,
Traditional,CommandExecution,true,1.499,-1.000,0,0,
Traditional,DataRetrieval,true,0.872,-1.000,0,0,
Traditional,DataNormalization,true,0.094,-1.000,0,0,
Traditional,CommandExecution,true,1.421,-1.000,0,0,
Traditional,DataRetrieval,true,1.019,-1.000,0,0,
Traditional,DataNormalization,true,0.096,-1.000,0,0,
Traditional,CommandExecution,true,1.656,-1.000,0,0,
Traditional,DataRetrieval,true,0.873,-1.000,0,0,
Traditional,DataNormalization,true,0.128,-1.000,0,0,
Traditional,CommandExecution,true,1.395,-1.000,0,0,
Traditional,DataRetrieval,true,0.697,-1.000,0,0,
Traditional,DataNormalization,true,0.079,-1.000,0,0,
Traditional,CommandExecution,true,1.636,-1.000,0,0,
Traditional,DataRetrieval,true,0.787,-1.000,0,0,
Traditional,DataNormalization,true,0.087,-1.000,0,0,
Traditional,CommandExecution,true,1.678,-1.000,0,0,
Traditional,DataRetrieval,true,1.404,-1.000,0,0,
Traditional,DataNormalization,true,0.100,-1.000,0,0,
Traditional,CommandExecution,true,1.538,-1.000,0,0,
Traditional,DataRetrieval,true,0.893,-1.000,0,0,
Traditional,DataNormalization,true,0.086,-1.000,0,0,
Traditional,CommandExecution,true,2.030,-1.000,0,0,
Traditional,DataRetrieval,true,1.212,-1.000,0,0,
Traditional,DataNormalization,true,0.097,-1.000,0,0,
Traditional,CommandExecution,true,2.600,-1.000,0,0,
Traditional,DataRetrieval,true,0.831,-1.000,0,0,
Traditional,DataNormalization,true,0.097,-1.000,0,0,
Traditional,CommandExecution,true,1.550,-1.000,0,0,
Traditional,DataRetrieval,true,0.665,-1.000,0,0,
Traditional,DataNormalization,true,0.066,-1.000,0,0,
Traditional,CommandExecution,true,1.426,-1.000,0,0,
Traditional,DataRetrieval,true,0.642,-1.000,0,0,
Traditional,DataNormalization,true,0.102,-1.000,0,0,
Traditional,CommandExecution,true,1.393,-1.000,0,0,
Traditional,DataRetrieval,true,0.588,-1.000,0,0,
Traditional,DataNormalization,true,0.063,-1.000,0,0,
Traditional,CommandExecution,true,1.375,-1.000,0,0,
Traditional,DataRetrieval,true,0.831,-1.000,0,0,
Traditional,DataNormalization,true,0.067,-1.000,0,0,
Traditional,CommandExecution,true,1.463,-1.000,0,0,
Traditional,DataRetrieval,true,0.721,-1.000,0,0,
Traditional,DataNormalization,true,0.096,-1.000,0,0,
Traditional,CommandExecution,true,1.367,-1.000,0,0,
Traditional,DataRetrieval,true,0.669,-1.000,0,0,
Traditional,DataNormalization,true,0.100,-1.000,0,0,
Traditional,CommandExecution,true,1.410,-1.000,0,0,
Traditional,DataRetrieval,true,0.751,-1.000,0,0,
Traditional,DataNormalization,true,0.088,-1.000,0,0,
Traditional,CommandExecution,true,1.597,-1.000,0,0,
Traditional,DataRetrieval,true,0.969,-1.000,0,0,
Traditional,DataNormalization,true,0.183,-1.000,0,0,
Traditional,CommandExecution,true,1.694,-1.000,0,0,
Traditional,DataRetrieval,true,0.740,-1.000,0,0,
Traditional,DataNormalization,true,0.115,-1.000,0,0,
Traditional,CommandExecution,true,1.482,-1.000,0,0,
Traditional,DataRetrieval,true,0.996,-1.000,0,0,
Traditional,DataNormalization,true,0.067,-1.000,0,0,
Traditional,CommandExecution,true,1.474,-1.000,0,0,
Traditional,DataRetrieval,true,0.685,-1.000,0,0,
Traditional,DataNormalization,true,0.095,-1.000,0,0,
Traditional,CommandExecution,true,1.566,-1.000,0,0,
Traditional,DataRetrieval,true,0.901,-1.000,0,0,
Traditional,DataNormalization,true,0.073,-1.000,0,0,
Traditional,CommandExecution,true,1.494,-1.000,0,0,
Traditional,DataRetrieval,true,0.691,-1.000,0,0,
Traditional,DataNormalization,true,0.089,-1.000,0,0,
Traditional,CommandExecution,true,1.673,-1.000,0,0,
Traditional,DataRetrieval,true,0.673,-1.000,0,0,
Traditional,DataNormalization,true,0.061,-1.000,0,0,
Traditional,CommandExecution,true,2.068,-1.000,0,0,
Traditional,DataRetrieval,true,0.813,-1.000,0,0,
Traditional,DataNormalization,true,0.073,-1.000,0,0,
Traditional,CommandExecution,true,1.535,-1.000,0,0,
Traditional,DataRetrieval,true,1.084,-1.000,0,0,
Traditional,DataNormalization,true,0.083,-1.000,0,0,
Traditional,CommandExecution,true,1.486,-1.000,0,0,
Traditional,DataRetrieval,true,0.908,-1.000,0,0,
Traditional,DataNormalization,true,0.107,-1.000,0,0,
Traditional,CommandExecution,true,1.598,-1.000,0,0,
Traditional,DataRetrieval,true,1.017,-1.000,0,0,
Traditional,DataNormalization,true,0.071,-1.000,0,0,
Traditional,CommandExecution,true,1.480,-1.000,0,0,
Traditional,DataRetrieval,true,1.190,-1.000,0,0,
Traditional,DataNormalization,true,0.073,-1.000,0,0,
Traditional,CommandExecution,true,1.815,-1.000,0,0,
Traditional,DataRetrieval,true,2.165,-1.000,0,0,
Traditional,DataNormalization,true,0.201,-1.000,0,0,
Traditional,CommandExecution,true,2.858,-1.000,0,0,
Traditional,DataRetrieval,true,0.818,-1.000,0,0,
Traditional,DataNormalization,true,0.096,-1.000,0,0,
Traditional,CommandExecution,true,1.530,-1.000,0,0,
Traditional,DataRetrieval,true,0.724,-1.000,0,0,
Traditional,DataNormalization,true,0.065,-1.000,0,0,
Traditional,CommandExecution,true,1.617,-1.000,0,0,
Traditional,DataRetrieval,true,0.672,-1.000,0,0,
Traditional,DataNormalization,true,0.074,-1.000,0,0,
Traditional,CommandExecution,true,1.314,-1.000,0,0,
Traditional,DataRetrieval,true,0.565,-1.000,0,0,
Traditional,DataNormalization,true,0.061,-1.000,0,0,
Traditional,CommandExecution,true,1.357,-1.000,0,0,
Traditional,DataRetrieval,true,0.601,-1.000,0,0,
Traditional,DataNormalization,true,0.057,-1.000,0,0,
Traditional,CommandExecution,true,1.482,-1.000,0,0,
Traditional,DataRetrieval,true,0.630,-1.000,0,0,
Traditional,DataNormalization,true,0.069,-1.000,0,0,
Traditional,CommandExecution,true,1.261,-1.000,0,0,
Traditional,DataRetrieval,true,0.602,-1.000,0,0,
Traditional,DataNormalization,true,0.078,-1.000,0,0,
Traditional,CommandExecution,true,1.398,-1.000,0,0,
Traditional,DataRetrieval,true,0.713,-1.000,0,0,
Traditional,DataNormalization,true,0.107,-1.000,0,0,
Traditional,CommandExecution,true,1.398,-1.000,0,0,
Traditional,DataRetrieval,true,0.581,-1.000,0,0,
Traditional,DataNormalization,true,0.090,-1.000,0,0,
Traditional,CommandExecution,true,1.447,-1.000,0,0,
Traditional,DataRetrieval,true,0.609,-1.000,0,0,
Traditional,DataNormalization,true,0.094,-1.000,0,0,
Traditional,CommandExecution,true,1.382,-1.000,0,0,
Traditional,DataRetrieval,true,0.656,-1.000,0,0,
Traditional,DataNormalization,true,0.065,-1.000,0,0,
Traditional,CommandExecution,true,1.392,-1.000,0,0,
Traditional,DataRetrieval,true,0.632,-1.000,0,0,
Traditional,DataNormalization,true,0.059,-1.000,0,0,
Traditional,CommandExecution,true,1.497,-1.000,0,0,
Traditional,DataRetrieval,true,0.662,-1.000,0,0,
Traditional,DataNormalization,true,0.103,-1.000,0,0,
Traditional,CommandExecution,true,1.701,-1.000,0,0,
Traditional,DataRetrieval,true,0.652,-1.000,0,0,
Traditional,DataNormalization,true,0.061,-1.000,0,0,
Traditional,CommandExecution,true,5.091,-1.000,0,0,
Traditional,DataRetrieval,true,0.672,-1.000,0,0,
Traditional,DataNormalization,true,0.072,-1.000,0,0,
Traditional,CommandExecution,true,1.473,-1.000,0,0,
Traditional,DataRetrieval,true,0.718,-1.000,0,0,
Traditional,DataNormalization,true,0.074,-1.000,0,0,
Traditional,CommandExecution,true,1.338,-1.000,0,0,
Traditional,DataRetrieval,true,0.722,-1.000,0,0,
Traditional,DataNormalization,true,0.155,-1.000,0,0,
Traditional,CommandExecution,true,1.502,-1.000,0,0,
Traditional,DataRetrieval,true,0.970,-1.000,0,0,
Traditional,DataNormalization,true,0.091,-1.000,0,0,
Traditional,CommandExecution,true,2.633,-1.000,0,0,
Traditional,DataRetrieval,true,0.851,-1.000,0,0,
Traditional,DataNormalization,true,0.078,-1.000,0,0,
Traditional,CommandExecution,true,1.547,-1.000,0,0,
Traditional,DataRetrieval,true,0.756,-1.000,0,0,
Traditional,DataNormalization,true,0.141,-1.000,0,0,
Traditional,CommandExecution,true,1.986,-1.000,0,0,
Traditional,DataRetrieval,true,0.971,-1.000,0,0,
Traditional,DataNormalization,true,0.081,-1.000,0,0,
Traditional,CommandExecution,true,2.547,-1.000,0,0,
Traditional,DataRetrieval,true,1.299,-1.000,0,0,
Traditional,DataNormalization,true,0.332,-1.000,0,0,
Traditional,CommandExecution,true,1.955,-1.000,0,0,
Traditional,DataRetrieval,true,0.711,-1.000,0,0,
Traditional,DataNormalization,true,0.064,-1.000,0,0,
Traditional,CommandExecution,true,1.417,-1.000,0,0,
Traditional,DataRetrieval,true,0.624,-1.000,0,0,
Traditional,DataNormalization,true,0.112,-1.000,0,0,
Traditional,CommandExecution,true,1.425,-1.000,0,0,
Traditional,DataRetrieval,true,0.667,-1.000,0,0,
Traditional,DataNormalization,true,0.081,-1.000,0,0,
Traditional,CommandExecution,true,1.450,-1.000,0,0,
Traditional,DataRetrieval,true,0.653,-1.000,0,0,
Traditional,DataNormalization,true,0.090,-1.000,0,0,
Traditional,CommandExecution,true,1.352,-1.000,0,0,
Traditional,DataRetrieval,true,0.632,-1.000,0,0,
Traditional,DataNormalization,true,0.086,-1.000,0,0,
Traditional,CommandExecution,true,1.365,-1.000,0,0,
Traditional,DataRetrieval,true,0.652,-1.000,0,0,
Traditional,DataNormalization,true,0.084,-1.000,0,0,
Traditional,CommandExecution,true,1.403,-1.000,0,0,
Traditional,DataRetrieval,true,0.594,-1.000,0,0,
Traditional,DataNormalization,true,0.062,-1.000,0,0,
Traditional,CommandExecution,true,1.332,-1.000,0,0,
Traditional,DataRetrieval,true,0.615,-1.000,0,0,
Traditional,DataNormalization,true,0.101,-1.000,0,0,
Traditional,CommandExecution,true,1.506,-1.000,0,0,
Traditional,DataRetrieval,true,0.716,-1.000,0,0,
Traditional,DataNormalization,true,0.100,-1.000,0,0,
Traditional,CommandExecution,true,1.344,-1.000,0,0,
Traditional,DataRetrieval,true,0.579,-1.000,0,0,
Traditional,DataNormalization,true,0.092,-1.000,0,0,
Traditional,CommandExecution,true,1.353,-1.000,0,0,
Traditional,DataRetrieval,true,0.563,-1.000,0,0,
Traditional,DataNormalization,true,0.077,-1.000,0,0,
Traditional,CommandExecution,true,1.384,-1.000,0,0,
Traditional,DataRetrieval,true,0.676,-1.000,0,0,
Traditional,DataNormalization,true,0.081,-1.000,0,0,
Traditional,CommandExecution,true,1.322,-1.000,0,0,
Traditional,DataRetrieval,true,0.637,-1.000,0,0,
Traditional,DataNormalization,true,0.086,-1.000,0,0,
Traditional,CommandExecution,true,1.401,-1.000,0,0,
Traditional,DataRetrieval,true,0.684,-1.000,0,0,
Traditional,DataNormalization,true,0.087,-1.000,0,0,
Traditional,CommandExecution,true,1.432,-1.000,0,0,
Ollama/mistral:7b,DataRetrieval,false,2023.331,-1.000,184,28,MismatchedInputException
Ollama/mistral:7b,DataNormalization,true,232.137,-1.000,202,50,
Ollama/mistral:7b,CommandExecution,true,216.565,-1.000,390,42,
Ollama/mistral:7b,DataRetrieval,false,141.767,-1.000,181,26,MismatchedInputException
Ollama/mistral:7b,DataNormalization,true,267.320,-1.000,209,57,
Ollama/mistral:7b,CommandExecution,true,212.116,-1.000,390,42,
Ollama/mistral:7b,DataRetrieval,true,971.595,-1.000,453,223,
Ollama/mistral:7b,DataNormalization,true,261.356,-1.000,209,57,
Ollama/mistral:7b,CommandExecution,true,250.193,-1.000,380,51,
Ollama/mistral:7b,DataRetrieval,false,151.287,-1.000,184,28,MismatchedInputException
Ollama/mistral:7b,DataNormalization,true,256.130,-1.000,208,54,
Ollama/mistral:7b,CommandExecution,true,220.876,-1.000,378,46,
Ollama/mistral:7b,DataRetrieval,false,431.560,-1.000,183,98,MismatchedInputException
Ollama/mistral:7b,DataNormalization,true,236.850,-1.000,202,52,
Ollama/mistral:7b,CommandExecution,true,226.989,-1.000,378,46,
Ollama/mistral:7b,DataRetrieval,false,429.895,-1.000,183,98,MismatchedInputException
Ollama/mistral:7b,DataNormalization,true,252.195,-1.000,204,53,
Ollama/mistral:7b,CommandExecution,true,242.364,-1.000,378,46,
Ollama/mistral:7b,DataRetrieval,false,147.086,-1.000,184,28,MismatchedInputException
Ollama/mistral:7b,DataNormalization,true,278.400,-1.000,209,57,
Ollama/mistral:7b,CommandExecution,true,248.630,-1.000,373,50,
Ollama/mistral:7b,DataRetrieval,false,144.434,-1.000,184,28,MismatchedInputException
Ollama/mistral:7b,DataNormalization,true,246.356,-1.000,204,53,
Ollama/mistral:7b,CommandExecution,true,212.433,-1.000,390,42,
Ollama/mistral:7b,DataRetrieval,true,969.253,-1.000,453,223,
Ollama/mistral:7b,DataNormalization,true,245.092,-1.000,204,53,
Ollama/mistral:7b,CommandExecution,true,208.672,-1.000,390,42,
Ollama/mistral:7b,DataRetrieval,false,134.960,-1.000,181,26,MismatchedInputException
Ollama/mistral:7b,DataNormalization,true,282.821,-1.000,204,62,
Ollama/mistral:7b,CommandExecution,true,251.359,-1.000,373,50,
Ollama/mistral:7b,DataRetrieval,false,453.979,-1.000,183,106,MismatchedInputException
Ollama/mistral:7b,DataNormalization,true,246.767,-1.000,202,52,
Ollama/mistral:7b,CommandExecution,true,249.326,-1.000,380,51,
Ollama/mistral:7b,DataRetrieval,false,140.827,-1.000,184,28,MismatchedInputException
Ollama/mistral:7b,DataNormalization,true,276.576,-1.000,204,62,
Ollama/mistral:7b,CommandExecution,true,254.336,-1.000,380,51,
Ollama/mistral:7b,DataRetrieval,false,144.345,-1.000,184,28,MismatchedInputException
Ollama/mistral:7b,DataNormalization,true,283.742,-1.000,204,62,
Ollama/mistral:7b,CommandExecution,true,257.797,-1.000,380,51,
Ollama/mistral:7b,DataRetrieval,false,145.766,-1.000,181,26,MismatchedInputException
Ollama/mistral:7b,DataNormalization,true,284.005,-1.000,209,57,
Ollama/mistral:7b,CommandExecution,true,223.164,-1.000,390,42,
Ollama/mistral:7b,DataRetrieval,false,161.774,-1.000,184,28,MismatchedInputException
Ollama/mistral:7b,DataNormalization,true,255.461,-1.000,204,53,
Ollama/mistral:7b,CommandExecution,true,251.067,-1.000,380,51,
Ollama/mistral:7b,DataRetrieval,false,486.238,-1.000,183,106,MismatchedInputException
Ollama/mistral:7b,DataNormalization,true,248.511,-1.000,204,53,
Ollama/mistral:7b,CommandExecution,true,235.645,-1.000,378,46,
Ollama/mistral:7b,DataRetrieval,false,434.775,-1.000,183,98,MismatchedInputException
Ollama/mistral:7b,DataNormalization,true,257.922,-1.000,204,53,
Ollama/mistral:7b,CommandExecution,true,219.739,-1.000,390,42,
Ollama/mistral:7b,DataRetrieval,false,148.411,-1.000,184,28,MismatchedInputException
Ollama/mistral:7b,DataNormalization,true,265.281,-1.000,204,53,
Ollama/mistral:7b,CommandExecution,true,269.377,-1.000,380,51,
Ollama/mistral:7b,DataRetrieval,false,149.321,-1.000,184,28,MismatchedInputException
Ollama/mistral:7b,DataNormalization,true,261.727,-1.000,204,53,
Ollama/mistral:7b,CommandExecution,true,257.063,-1.000,380,51,
Ollama/mistral:7b,DataRetrieval,false,157.349,-1.000,184,28,MismatchedInputException
Ollama/mistral:7b,DataNormalization,true,263.717,-1.000,208,54,
Ollama/mistral:7b,CommandExecution,true,259.331,-1.000,373,50,
Ollama/mistral:7b,DataRetrieval,false,463.281,-1.000,183,106,MismatchedInputException
Ollama/mistral:7b,DataNormalization,true,262.268,-1.000,202,52,
Ollama/mistral:7b,CommandExecution,true,246.498,-1.000,382,45,
Ollama/mistral:7b,DataRetrieval,false,150.471,-1.000,184,28,MismatchedInputException
Ollama/mistral:7b,DataNormalization,true,295.267,-1.000,204,62,
Ollama/mistral:7b,CommandExecution,true,217.808,-1.000,390,42,
Ollama/mistral:7b,DataRetrieval,false,161.192,-1.000,184,28,MismatchedInputException
Ollama/mistral:7b,DataNormalization,true,273.446,-1.000,204,53,
Ollama/mistral:7b,CommandExecution,true,263.355,-1.000,380,51,
Ollama/mistral:7b,DataRetrieval,false,157.636,-1.000,184,28,MismatchedInputException
Ollama/mistral:7b,DataNormalization,true,263.655,-1.000,202,50,
Ollama/mistral:7b,CommandExecution,true,262.331,-1.000,380,51,
Ollama/mistral:7b,DataRetrieval,false,472.618,-1.000,183,106,MismatchedInputException
Ollama/mistral:7b,DataNormalization,true,256.219,-1.000,204,53,
Ollama/mistral:7b,CommandExecution,true,277.466,-1.000,373,50,
Ollama/mistral:7b,DataRetrieval,false,147.993,-1.000,181,26,MismatchedInputException
Ollama/mistral:7b,DataNormalization,true,295.394,-1.000,209,57,
Ollama/mistral:7b,CommandExecution,true,233.078,-1.000,390,42,
Ollama/mistral:7b,DataRetrieval,false,164.210,-1.000,184,28,MismatchedInputException
Ollama/mistral:7b,DataNormalization,true,319.914,-1.000,204,62,
Ollama/mistral:7b,CommandExecution,true,275.184,-1.000,373,50,
Ollama/mistral:7b,DataRetrieval,false,169.063,-1.000,184,28,MismatchedInputException
Ollama/mistral:7b,DataNormalization,true,272.707,-1.000,204,53,
Ollama/mistral:7b,CommandExecution,true,267.621,-1.000,382,45,
Ollama/mistral:7b,DataRetrieval,false,170.045,-1.000,184,28,MismatchedInputException
Ollama/mistral:7b,DataNormalization,true,316.236,-1.000,204,62,
Ollama/mistral:7b,CommandExecution,true,279.243,-1.000,373,50,
Ollama/mistral:7b,DataNormalization,true,272.964,-1.000,204,53,
Ollama/mistral:7b,CommandExecution,true,264.373,-1.000,380,51,
Ollama/mistral:7b,DataNormalization,true,298.989,-1.000,208,54,
Ollama/mistral:7b,CommandExecution,true,260.419,-1.000,378,46,
Ollama/mistral:7b,DataNormalization,true,250.120,-1.000,202,50,
Ollama/mistral:7b,CommandExecution,true,294.564,-1.000,380,51,
Ollama/mistral:7b,DataNormalization,true,330.318,-1.000,204,62,
Ollama/mistral:7b,CommandExecution,true,257.294,-1.000,373,50,
Ollama/mistral:7b,DataNormalization,true,257.180,-1.000,202,52,
Ollama/mistral:7b,CommandExecution,true,274.036,-1.000,373,50,
Ollama/mistral:7b,DataNormalization,true,307.260,-1.000,209,57,
Ollama/mistral:7b,CommandExecution,true,266.208,-1.000,378,46,
Ollama/mistral:7b,DataNormalization,true,295.857,-1.000,209,57,
Ollama/mistral:7b,CommandExecution,true,297.780,-1.000,380,51,
Ollama/mistral:7b,DataNormalization,true,272.039,-1.000,204,53,
Ollama/mistral:7b,CommandExecution,true,247.198,-1.000,382,45,
Ollama/mistral:7b,DataNormalization,true,293.735,-1.000,204,62,
Ollama/mistral:7b,CommandExecution,true,258.444,-1.000,378,46,
Ollama/mistral:7b,DataNormalization,true,273.791,-1.000,208,54,
Ollama/mistral:7b,CommandExecution,true,267.067,-1.000,378,46,
Ollama/mistral:7b,DataNormalization,true,278.650,-1.000,204,53,
Ollama/mistral:7b,CommandExecution,true,260.992,-1.000,382,45,
Ollama/mistral:7b,DataNormalization,true,265.961,-1.000,202,52,
Ollama/mistral:7b,CommandExecution,true,246.477,-1.000,378,46,
Ollama/mistral:7b,DataNormalization,true,287.238,-1.000,202,52,
Ollama/mistral:7b,CommandExecution,true,256.894,-1.000,382,45,
Ollama/mistral:7b,DataNormalization,true,316.425,-1.000,204,53,
Ollama/mistral:7b,CommandExecution,true,246.488,-1.000,390,42,
Ollama/mistral:7b,DataNormalization,true,269.998,-1.000,202,50,
Ollama/mistral:7b,CommandExecution,true,263.999,-1.000,390,42,
Ollama/mistral:7b,DataNormalization,true,253.990,-1.000,202,52,
Ollama/mistral:7b,CommandExecution,true,270.382,-1.000,380,51,
Ollama/mistral:7b,DataNormalization,true,317.466,-1.000,209,57,
Ollama/mistral:7b,CommandExecution,true,304.962,-1.000,380,51,
Ollama/mistral:7b,DataNormalization,true,286.534,-1.000,204,53,
Ollama/mistral:7b,CommandExecution,true,240.747,-1.000,390,42,
Ollama/mistral:7b,DataNormalization,true,327.760,-1.000,204,62,
Ollama/mistral:7b,CommandExecution,true,268.798,-1.000,382,45,
Ollama/mistral:7b,DataNormalization,true,302.556,-1.000,209,57,
Ollama/mistral:7b,CommandExecution,true,302.048,-1.000,373,50,
Ollama/mistral:7b,DataNormalization,true,305.713,-1.000,209,57,
Ollama/mistral:7b,CommandExecution,true,285.091,-1.000,373,50,
Ollama/mistral:7b,DataNormalization,true,276.188,-1.000,204,53,
Ollama/mistral:7b,CommandExecution,true,257.043,-1.000,382,45,
Ollama/mistral:7b,DataNormalization,true,296.760,-1.000,204,53,
Ollama/mistral:7b,CommandExecution,true,273.749,-1.000,373,50,
Ollama/mistral:7b,DataNormalization,true,285.881,-1.000,202,52,
Ollama/mistral:7b,CommandExecution,true,249.104,-1.000,378,46,
Ollama/mistral:7b,DataNormalization,true,360.390,-1.000,204,62,
Ollama/mistral:7b,CommandExecution,true,268.149,-1.000,373,50,
Ollama/mistral:7b,DataNormalization,true,282.771,-1.000,208,54,
Ollama/mistral:7b,CommandExecution,true,267.340,-1.000,378,46,
Ollama/mistral:7b,DataNormalization,true,319.896,-1.000,204,62,
Ollama/mistral:7b,CommandExecution,true,246.307,-1.000,390,42,
Ollama/mistral:7b,DataNormalization,true,347.190,-1.000,204,62,
Ollama/mistral:7b,CommandExecution,true,256.362,-1.000,390,42,
Ollama/mistral:7b,DataNormalization,true,269.249,-1.000,204,53,
Ollama/mistral:7b,CommandExecution,true,291.889,-1.000,380,51,
Ollama/mistral:7b,DataNormalization,true,337.652,-1.000,204,62,
Ollama/mistral:7b,CommandExecution,true,269.365,-1.000,382,45,
Ollama/mistral:7b,DataNormalization,true,307.655,-1.000,204,53,
Ollama/mistral:7b,CommandExecution,true,271.008,-1.000,380,51,
Ollama/mistral:7b,DataNormalization,true,327.888,-1.000,209,57,
Ollama/mistral:7b,CommandExecution,true,258.445,-1.000,382,45,
Ollama/mistral:7b,DataNormalization,true,268.319,-1.000,204,53,
Ollama/mistral:7b,CommandExecution,true,285.307,-1.000,373,50,
Ollama/mistral:7b,DataNormalization,true,279.786,-1.000,202,52,
Ollama/mistral:7b,CommandExecution,true,291.718,-1.000,380,51,
Ollama/mistral:7b,DataNormalization,true,334.334,-1.000,204,62,
Ollama/mistral:7b,CommandExecution,true,290.113,-1.000,373,50,
Ollama/mistral:7b,DataNormalization,true,278.145,-1.000,202,52,
Ollama/mistral:7b,CommandExecution,true,249.752,-1.000,378,46,
Ollama/mistral:7b,DataNormalization,true,318.234,-1.000,209,57,
Ollama/mistral:7b,CommandExecution,true,241.626,-1.000,390,42,
Ollama/mistral:7b,DataNormalization,true,264.917,-1.000,202,50,
Ollama/mistral:7b,CommandExecution,true,255.561,-1.000,378,46,
Ollama/mistral:7b,DataNormalization,true,290.961,-1.000,208,54,
Ollama/mistral:7b,CommandExecution,true,276.418,-1.000,378,46,
Ollama/mistral:7b,DataNormalization,true,336.893,-1.000,204,62,
Ollama/mistral:7b,CommandExecution,true,299.927,-1.000,378,46,
Ollama/mistral:7b,DataNormalization,true,269.866,-1.000,202,50,
Ollama/mistral:7b,CommandExecution,true,269.425,-1.000,390,42,
Ollama/mistral:7b,DataNormalization,true,307.071,-1.000,204,53,
Ollama/mistral:7b,CommandExecution,true,277.203,-1.000,390,42,
Ollama/mistral:7b,DataNormalization,true,280.026,-1.000,202,50,
Ollama/mistral:7b,CommandExecution,true,284.524,-1.000,373,50,
Ollama/mistral:7b,DataNormalization,true,289.090,-1.000,204,53,
Ollama/mistral:7b,CommandExecution,true,277.044,-1.000,378,46,
Ollama/mistral:7b,DataNormalization,true,333.268,-1.000,204,62,
Ollama/mistral:7b,CommandExecution,true,250.168,-1.000,390,42,
Ollama/mistral:7b,DataNormalization,true,303.057,-1.000,204,53,
Ollama/mistral:7b,CommandExecution,true,304.942,-1.000,380,51,
Ollama/mistral:7b,DataNormalization,true,327.866,-1.000,204,53,
Ollama/mistral:7b,CommandExecution,true,280.387,-1.000,378,46,
Ollama/mistral:7b,DataNormalization,true,298.787,-1.000,209,57,
Ollama/mistral:7b,CommandExecution,true,264.918,-1.000,390,42,
Ollama/mistral:7b,DataNormalization,true,277.729,-1.000,204,53,
Ollama/mistral:7b,CommandExecution,true,263.975,-1.000,382,45,
Ollama/mistral:7b,DataNormalization,true,294.485,-1.000,204,53,
Ollama/mistral:7b,CommandExecution,true,286.490,-1.000,382,45,
Ollama/mistral:7b,DataNormalization,true,276.650,-1.000,202,52,
Ollama/mistral:7b,CommandExecution,true,290.243,-1.000,380,51,
Ollama/mistral:7b,DataNormalization,true,286.587,-1.000,204,53,
Ollama/mistral:7b,CommandExecution,true,257.587,-1.000,390,42,
Ollama/mistral:7b,DataNormalization,true,280.364,-1.000,204,53,
Ollama/mistral:7b,CommandExecution,true,307.399,-1.000,380,51,
Ollama/mistral:7b,DataNormalization,true,336.206,-1.000,204,62,
Ollama/mistral:7b,CommandExecution,true,283.055,-1.000,378,46,
Ollama/mistral:7b,DataNormalization,true,291.969,-1.000,202,52,
Ollama/mistral:7b,CommandExecution,true,251.657,-1.000,382,45,
Ollama/mistral:7b,DataNormalization,true,339.522,-1.000,204,62,
Ollama/mistral:7b,CommandExecution,true,261.080,-1.000,378,46,
Ollama/mistral:7b,DataNormalization,true,314.698,-1.000,208,54,
Ollama/mistral:7b,CommandExecution,true,299.724,-1.000,373,50,
Ollama/mistral:7b,DataNormalization,true,313.919,-1.000,209,57,
Ollama/mistral:7b,CommandExecution,true,272.235,-1.000,378,46,
Ollama/mistral:7b,DataNormalization,true,275.622,-1.000,204,53,
Ollama/mistral:7b,CommandExecution,true,259.150,-1.000,378,46,
Ollama/mistral:7b,DataNormalization,true,272.540,-1.000,202,52,
Ollama/mistral:7b,CommandExecution,true,259.872,-1.000,378,46,
Ollama/mistral:7b,DataNormalization,true,318.731,-1.000,208,54,
Ollama/mistral:7b,CommandExecution,true,281.336,-1.000,373,50,
Ollama/mistral:7b,DataNormalization,true,281.922,-1.000,208,54,
Ollama/mistral:7b,CommandExecution,true,259.785,-1.000,382,45,
Ollama/mistral:7b,DataNormalization,true,275.517,-1.000,208,54,
Ollama/mistral:7b,CommandExecution,true,258.687,-1.000,390,42,
Ollama/mistral:7b,DataNormalization,true,315.792,-1.000,209,57,
Ollama/mistral:7b,CommandExecution,true,263.018,-1.000,378,46,
Ollama/mistral:7b,DataNormalization,true,293.046,-1.000,208,54,
Ollama/mistral:7b,CommandExecution,true,299.224,-1.000,382,45,
Ollama/mistral:7b,DataNormalization,true,329.820,-1.000,209,57,
Ollama/mistral:7b,CommandExecution,true,251.861,-1.000,390,42,
Ollama/mistral:7b,DataNormalization,true,337.291,-1.000,209,57,
Ollama/mistral:7b,CommandExecution,true,256.387,-1.000,378,46,
Ollama/mistral:7b,DataNormalization,true,270.968,-1.000,204,53,
Ollama/mistral:7b,CommandExecution,true,289.845,-1.000,373,50,
Ollama/mistral:7b,DataNormalization,true,333.594,-1.000,209,57,
Ollama/mistral:7b,CommandExecution,true,285.123,-1.000,378,46,
Ollama/mistral:7b,DataNormalization,true,278.769,-1.000,202,50,
Ollama/mistral:7b,CommandExecution,true,273.095,-1.000,373,50,
Ollama/mistral:7b,DataNormalization,true,264.392,-1.000,202,50,
Ollama/mistral:7b,CommandExecution,true,260.219,-1.000,390,42,
Ollama/llama3.1:8b,DataRetrieval,true,4378.481,-1.000,463,74,
Ollama/llama3.1:8b,DataNormalization,true,230.886,-1.000,172,34,
Ollama/llama3.1:8b,CommandExecution,true,605.706,-1.000,659,102,
Ollama/llama3.1:8b,DataRetrieval,true,461.846,-1.000,463,74,
Ollama/llama3.1:8b,DataNormalization,true,210.083,-1.000,171,34,
Ollama/llama3.1:8b,CommandExecution,true,626.299,-1.000,674,107,
Ollama/llama3.1:8b,DataRetrieval,true,462.810,-1.000,465,74,
Ollama/llama3.1:8b,DataNormalization,true,220.040,-1.000,171,33,
Ollama/llama3.1:8b,CommandExecution,true,576.526,-1.000,659,102,
Ollama/llama3.1:8b,DataRetrieval,true,469.390,-1.000,469,76,
Ollama/llama3.1:8b,DataNormalization,true,216.030,-1.000,171,34,
Ollama/llama3.1:8b,CommandExecution,true,635.567,-1.000,689,108,
Ollama/llama3.1:8b,DataRetrieval,true,461.578,-1.000,463,74,
Ollama/llama3.1:8b,DataNormalization,true,210.490,-1.000,171,33,
Ollama/llama3.1:8b,CommandExecution,true,599.955,-1.000,659,102,
Ollama/llama3.1:8b,DataRetrieval,true,447.039,-1.000,463,74,
Ollama/llama3.1:8b,DataNormalization,true,204.307,-1.000,171,33,
Ollama/llama3.1:8b,CommandExecution,true,582.660,-1.000,659,102,
Ollama/llama3.1:8b,DataRetrieval,true,448.593,-1.000,463,74,
Ollama/llama3.1:8b,DataNormalization,true,205.800,-1.000,172,34,
Ollama/llama3.1:8b,CommandExecution,true,617.871,-1.000,689,112,
Ollama/llama3.1:8b,DataRetrieval,true,448.352,-1.000,463,74,
Ollama/llama3.1:8b,DataNormalization,true,215.011,-1.000,172,34,
Ollama/llama3.1:8b,CommandExecution,true,585.800,-1.000,650,99,
Ollama/llama3.1:8b,DataRetrieval,true,469.763,-1.000,469,76,
Ollama/llama3.1:8b,DataNormalization,true,233.102,-1.000,175,38,
Ollama/llama3.1:8b,CommandExecution,true,602.752,-1.000,659,102,
Ollama/llama3.1:8b,DataRetrieval,true,461.914,-1.000,465,74,
Ollama/llama3.1:8b,DataNormalization,true,208.195,-1.000,172,34,
Ollama/llama3.1:8b,CommandExecution,true,577.679,-1.000,650,99,
Ollama/llama3.1:8b,DataRetrieval,true,448.911,-1.000,463,74,
Ollama/llama3.1:8b,DataNormalization,true,223.518,-1.000,177,38,
Ollama/llama3.1:8b,CommandExecution,true,603.791,-1.000,689,108,
Ollama/llama3.1:8b,DataRetrieval,true,452.772,-1.000,469,76,
Ollama/llama3.1:8b,DataNormalization,true,202.797,-1.000,171,33,
Ollama/llama3.1:8b,CommandExecution,true,587.340,-1.000,659,102,
Ollama/llama3.1:8b,DataRetrieval,true,451.436,-1.000,461,72,
Ollama/llama3.1:8b,DataNormalization,true,209.288,-1.000,171,33,
Ollama/llama3.1:8b,CommandExecution,true,623.916,-1.000,689,108,
Ollama/llama3.1:8b,DataRetrieval,true,461.024,-1.000,463,74,
Ollama/llama3.1:8b,DataNormalization,true,231.894,-1.000,175,38,
Ollama/llama3.1:8b,CommandExecution,true,615.125,-1.000,689,108,
Ollama/llama3.1:8b,DataRetrieval,true,446.396,-1.000,465,74,
Ollama/llama3.1:8b,DataNormalization,true,203.467,-1.000,172,33,
Ollama/llama3.1:8b,CommandExecution,true,564.298,-1.000,650,99,
Ollama/llama3.1:8b,DataRetrieval,true,453.011,-1.000,469,76,
Ollama/llama3.1:8b,DataNormalization,true,207.340,-1.000,172,34,
Ollama/llama3.1:8b,CommandExecution,true,600.875,-1.000,689,108,
Ollama/llama3.1:8b,DataRetrieval,true,455.904,-1.000,463,74,
Ollama/llama3.1:8b,DataNormalization,true,215.587,-1.000,171,34,
Ollama/llama3.1:8b,CommandExecution,true,586.330,-1.000,650,99,
Ollama/llama3.1:8b,DataRetrieval,true,458.242,-1.000,465,74,
Ollama/llama3.1:8b,DataNormalization,true,213.674,-1.000,171,34,
Ollama/llama3.1:8b,CommandExecution,true,614.307,-1.000,666,105,
Ollama/llama3.1:8b,DataRetrieval,true,449.117,-1.000,463,74,
Ollama/llama3.1:8b,DataNormalization,true,201.251,-1.000,171,33,
Ollama/llama3.1:8b,CommandExecution,true,602.589,-1.000,689,108,
Ollama/llama3.1:8b,DataRetrieval,true,434.323,-1.000,461,72,
Ollama/llama3.1:8b,DataNormalization,true,203.008,-1.000,171,33,
Ollama/llama3.1:8b,CommandExecution,true,594.688,-1.000,674,107,
Ollama/llama3.1:8b,DataRetrieval,true,433.986,-1.000,461,72,
Ollama/llama3.1:8b,DataNormalization,true,203.798,-1.000,172,33,
Ollama/llama3.1:8b,CommandExecution,true,621.766,-1.000,674,107,
Ollama/llama3.1:8b,DataRetrieval,true,450.465,-1.000,461,72,
Ollama/llama3.1:8b,DataNormalization,true,216.497,-1.000,171,34,
Ollama/llama3.1:8b,CommandExecution,true,588.156,-1.000,650,99,
Ollama/llama3.1:8b,DataRetrieval,true,462.219,-1.000,465,74,
Ollama/llama3.1:8b,DataNormalization,true,207.309,-1.000,171,33,
Ollama/llama3.1:8b,CommandExecution,true,580.022,-1.000,650,99,
Ollama/llama3.1:8b,DataRetrieval,true,449.015,-1.000,465,74,
Ollama/llama3.1:8b,DataNormalization,true,206.780,-1.000,171,34,
Ollama/llama3.1:8b,CommandExecution,true,601.101,-1.000,666,105,
Ollama/llama3.1:8b,DataRetrieval,true,447.349,-1.000,465,74,
Ollama/llama3.1:8b,DataNormalization,true,202.160,-1.000,172,33,
Ollama/llama3.1:8b,CommandExecution,true,608.742,-1.000,666,105,
Ollama/llama3.1:8b,DataRetrieval,true,472.516,-1.000,469,76,
Ollama/llama3.1:8b,DataNormalization,true,216.615,-1.000,171,33,
Ollama/llama3.1:8b,CommandExecution,true,612.231,-1.000,659,102,
Ollama/llama3.1:8b,DataRetrieval,true,463.303,-1.000,463,74,
Ollama/llama3.1:8b,DataNormalization,true,210.520,-1.000,172,33,
Ollama/llama3.1:8b,CommandExecution,true,599.877,-1.000,659,102,
Ollama/llama3.1:8b,DataRetrieval,true,445.737,-1.000,463,74,
Ollama/llama3.1:8b,DataNormalization,true,206.377,-1.000,172,34,
Ollama/llama3.1:8b,CommandExecution,true,607.486,-1.000,689,108,
Ollama/llama3.1:8b,DataRetrieval,true,444.665,-1.000,463,74,
Ollama/llama3.1:8b,DataNormalization,true,224.435,-1.000,177,38,
Ollama/llama3.1:8b,CommandExecution,true,568.569,-1.000,650,99,
Ollama/llama3.1:8b,DataRetrieval,true,454.357,-1.000,465,74,
Ollama/llama3.1:8b,DataNormalization,true,209.759,-1.000,171,33,
Ollama/llama3.1:8b,CommandExecution,true,627.446,-1.000,674,107,
Ollama/llama3.1:8b,DataRetrieval,true,477.275,-1.000,463,74,
Ollama/llama3.1:8b,DataNormalization,true,225.425,-1.000,171,33,
Ollama/llama3.1:8b,CommandExecution,true,586.803,-1.000,650,99,
Ollama/llama3.1:8b,DataRetrieval,true,461.469,-1.000,469,76,
Ollama/llama3.1:8b,DataNormalization,true,223.556,-1.000,177,38,
Ollama/llama3.1:8b,CommandExecution,true,619.786,-1.000,689,112,
Ollama/llama3.1:8b,DataRetrieval,true,442.585,-1.000,463,74,
Ollama/llama3.1:8b,DataNormalization,true,223.287,-1.000,177,38,
Ollama/llama3.1:8b,CommandExecution,true,574.569,-1.000,659,102,
Ollama/llama3.1:8b,DataRetrieval,true,442.649,-1.000,463,74,
Ollama/llama3.1:8b,DataNormalization,true,204.231,-1.000,172,33,
Ollama/llama3.1:8b,CommandExecution,true,588.749,-1.000,650,99,
Ollama/llama3.1:8b,DataRetrieval,true,469.103,-1.000,469,76,
Ollama/llama3.1:8b,DataNormalization,true,213.707,-1.000,171,34,
Ollama/llama3.1:8b,CommandExecution,true,643.979,-1.000,689,112,
Ollama/llama3.1:8b,DataRetrieval,true,466.337,-1.000,463,74,
Ollama/llama3.1:8b,DataNormalization,true,208.239,-1.000,171,33,
Ollama/llama3.1:8b,CommandExecution,true,597.950,-1.000,674,107,
Ollama/llama3.1:8b,DataRetrieval,true,442.602,-1.000,463,74,
Ollama/llama3.1:8b,DataNormalization,true,203.573,-1.000,172,33,
Ollama/llama3.1:8b,CommandExecution,true,632.344,-1.000,689,112,
Ollama/llama3.1:8b,DataRetrieval,true,441.887,-1.000,463,74,
Ollama/llama3.1:8b,DataNormalization,true,224.269,-1.000,177,38,
Ollama/llama3.1:8b,CommandExecution,true,621.018,-1.000,674,107,
Ollama/llama3.1:8b,DataRetrieval,true,467.650,-1.000,469,76,
Ollama/llama3.1:8b,DataNormalization,true,210.608,-1.000,171,33,
Ollama/llama3.1:8b,CommandExecution,true,623.410,-1.000,666,105,
Ollama/llama3.1:8b,DataRetrieval,true,460.750,-1.000,465,74,
Ollama/llama3.1:8b,DataNormalization,true,232.420,-1.000,177,38,
Ollama/llama3.1:8b,CommandExecution,true,600.135,-1.000,666,105,
Ollama/llama3.1:8b,DataRetrieval,true,444.738,-1.000,465,74,
Ollama/llama3.1:8b,DataNormalization,true,201.599,-1.000,172,33,
Ollama/llama3.1:8b,CommandExecution,true,563.609,-1.000,650,99,
Ollama/llama3.1:8b,DataRetrieval,true,432.038,-1.000,461,72,
Ollama/llama3.1:8b,DataNormalization,true,226.222,-1.000,175,38,
Ollama/llama3.1:8b,CommandExecution,true,574.261,-1.000,659,102,
Ollama/llama3.1:8b,DataRetrieval,true,453.734,-1.000,463,74,
Ollama/llama3.1:8b,DataNormalization,true,215.160,-1.000,171,34,
Ollama/llama3.1:8b,CommandExecution,true,622.180,-1.000,674,107,
Ollama/llama3.1:8b,DataRetrieval,true,450.306,-1.000,461,72,
Ollama/llama3.1:8b,DataNormalization,true,209.940,-1.000,171,33,
Ollama/llama3.1:8b,CommandExecution,true,620.763,-1.000,674,107,
Ollama/llama3.1:8b,DataRetrieval,true,448.539,-1.000,463,74,
Ollama/llama3.1:8b,DataNormalization,true,203.028,-1.000,172,33,
Ollama/llama3.1:8b,CommandExecution,true,601.778,-1.000,674,107,
Ollama/llama3.1:8b,DataRetrieval,true,444.573,-1.000,463,74,
Ollama/llama3.1:8b,DataNormalization,true,203.342,-1.000,171,33,
Ollama/llama3.1:8b,CommandExecution,true,574.760,-1.000,659,102,
Ollama/llama3.1:8b,DataRetrieval,true,440.405,-1.000,463,74,
Ollama/llama3.1:8b,DataNormalization,true,206.830,-1.000,171,34,
Ollama/llama3.1:8b,CommandExecution,true,582.900,-1.000,650,99,
Ollama/llama3.1:8b,DataRetrieval,true,449.251,-1.000,461,72,
Ollama/llama3.1:8b,DataNormalization,true,214.893,-1.000,171,34,
Ollama/llama3.1:8b,CommandExecution,true,620.179,-1.000,674,107,
Ollama/llama3.1:8b,DataRetrieval,true,449.278,-1.000,461,72,
Ollama/llama3.1:8b,DataNormalization,true,213.307,-1.000,171,34,
Ollama/llama3.1:8b,CommandExecution,true,572.448,-1.000,659,102,
Ollama/llama3.1:8b,DataRetrieval,true,435.453,-1.000,461,72,
Ollama/llama3.1:8b,DataNormalization,true,225.887,-1.000,175,38,
Ollama/llama3.1:8b,CommandExecution,true,604.142,-1.000,689,108,
Ollama/llama3.1:8b,DataRetrieval,true,443.635,-1.000,463,74,
Ollama/llama3.1:8b,DataNormalization,true,208.362,-1.000,171,34,
Ollama/llama3.1:8b,CommandExecution,true,597.710,-1.000,666,105,
Ollama/llama3.1:8b,DataRetrieval,true,460.081,-1.000,463,74,
Ollama/llama3.1:8b,DataNormalization,true,211.908,-1.000,172,34,
Ollama/llama3.1:8b,CommandExecution,true,612.110,-1.000,666,105,
Ollama/llama3.1:8b,DataRetrieval,true,449.092,-1.000,461,72,
Ollama/llama3.1:8b,DataNormalization,true,209.968,-1.000,171,33,
Ollama/llama3.1:8b,CommandExecution,true,620.482,-1.000,689,108,
Ollama/llama3.1:8b,DataRetrieval,true,450.333,-1.000,469,76,
Ollama/llama3.1:8b,DataNormalization,true,201.351,-1.000,171,33,
Ollama/llama3.1:8b,CommandExecution,true,603.882,-1.000,689,108,
Ollama/llama3.1:8b,DataRetrieval,true,454.416,-1.000,469,76,
Ollama/llama3.1:8b,DataNormalization,true,223.338,-1.000,177,38,
Ollama/llama3.1:8b,CommandExecution,true,572.767,-1.000,659,102,
Ollama/llama3.1:8b,DataRetrieval,true,449.870,-1.000,465,74,
Ollama/llama3.1:8b,DataNormalization,true,212.311,-1.000,172,34,
Ollama/llama3.1:8b,CommandExecution,true,612.686,-1.000,666,105,
Ollama/llama3.1:8b,DataRetrieval,true,448.964,-1.000,461,72,
Ollama/llama3.1:8b,DataNormalization,true,214.326,-1.000,172,34,
Ollama/llama3.1:8b,CommandExecution,true,625.385,-1.000,689,108,
Ollama/llama3.1:8b,DataRetrieval,true,452.949,-1.000,463,74,
Ollama/llama3.1:8b,DataNormalization,true,224.811,-1.000,175,38,
Ollama/llama3.1:8b,CommandExecution,true,594.724,-1.000,674,107,
Ollama/llama3.1:8b,DataRetrieval,true,453.815,-1.000,469,76,
Ollama/llama3.1:8b,DataNormalization,true,202.414,-1.000,171,33,
Ollama/llama3.1:8b,CommandExecution,true,601.548,-1.000,689,108,
Ollama/llama3.1:8b,DataRetrieval,true,443.504,-1.000,465,74,
Ollama/llama3.1:8b,DataNormalization,true,202.687,-1.000,171,33,
Ollama/llama3.1:8b,CommandExecution,true,641.623,-1.000,689,112,
Ollama/llama3.1:8b,DataRetrieval,true,462.827,-1.000,465,74,
Ollama/llama3.1:8b,DataNormalization,true,209.452,-1.000,171,33,
Ollama/llama3.1:8b,CommandExecution,true,636.386,-1.000,689,108,
Ollama/llama3.1:8b,DataRetrieval,true,459.092,-1.000,463,74,
Ollama/llama3.1:8b,DataNormalization,true,228.412,-1.000,175,38,
Ollama/llama3.1:8b,CommandExecution,true,588.816,-1.000,666,105,
Ollama/llama3.1:8b,DataRetrieval,true,431.464,-1.000,461,72,
Ollama/llama3.1:8b,DataNormalization,true,225.731,-1.000,175,38,
Ollama/llama3.1:8b,CommandExecution,true,597.673,-1.000,674,107,
Ollama/llama3.1:8b,DataRetrieval,true,433.718,-1.000,461,72,
Ollama/llama3.1:8b,DataNormalization,true,205.492,-1.000,172,34,
Ollama/llama3.1:8b,CommandExecution,true,593.359,-1.000,666,105,
Ollama/llama3.1:8b,DataRetrieval,true,470.477,-1.000,469,76,
Ollama/llama3.1:8b,DataNormalization,true,209.355,-1.000,172,33,
Ollama/llama3.1:8b,CommandExecution,true,595.288,-1.000,659,102,
Ollama/llama3.1:8b,DataRetrieval,true,450.417,-1.000,461,72,
Ollama/llama3.1:8b,DataNormalization,true,213.982,-1.000,171,34,
Ollama/llama3.1:8b,CommandExecution,true,582.390,-1.000,650,99,
Ollama/llama3.1:8b,DataRetrieval,true,441.207,-1.000,465,74,
Ollama/llama3.1:8b,DataNormalization,true,205.906,-1.000,171,34,
Ollama/llama3.1:8b,CommandExecution,true,591.764,-1.000,674,107,
Ollama/llama3.1:8b,DataRetrieval,true,444.982,-1.000,463,74,
Ollama/llama3.1:8b,DataNormalization,true,207.387,-1.000,171,34,
Ollama/llama3.1:8b,CommandExecution,true,587.442,-1.000,666,105,
Ollama/llama3.1:8b,DataRetrieval,true,448.614,-1.000,463,74,
Ollama/llama3.1:8b,DataNormalization,true,214.801,-1.000,171,34,
Ollama/llama3.1:8b,CommandExecution,true,610.443,-1.000,666,105,
Ollama/llama3.1:8b,DataRetrieval,true,469.472,-1.000,469,76,
Ollama/llama3.1:8b,DataNormalization,true,229.683,-1.000,177,38,
Ollama/llama3.1:8b,CommandExecution,true,598.293,-1.000,659,102,
Ollama/llama3.1:8b,DataRetrieval,true,451.395,-1.000,465,74,
Ollama/llama3.1:8b,DataNormalization,true,202.472,-1.000,171,33,
Ollama/llama3.1:8b,CommandExecution,true,569.897,-1.000,659,102,
Ollama/llama3.1:8b,DataRetrieval,true,432.737,-1.000,461,72,
Ollama/llama3.1:8b,DataNormalization,true,203.366,-1.000,172,33,
Ollama/llama3.1:8b,CommandExecution,true,594.323,-1.000,674,107,
Ollama/llama3.1:8b,DataRetrieval,true,450.836,-1.000,469,76,
Ollama/llama3.1:8b,DataNormalization,true,204.167,-1.000,171,33,
Ollama/llama3.1:8b,CommandExecution,true,606.531,-1.000,666,105,
Ollama/llama3.1:8b,DataRetrieval,true,449.055,-1.000,461,72,
Ollama/llama3.1:8b,DataNormalization,true,215.008,-1.000,171,34,
Ollama/llama3.1:8b,CommandExecution,true,597.221,-1.000,659,102,
Ollama/llama3.1:8b,DataRetrieval,true,460.907,-1.000,463,74,
Ollama/llama3.1:8b,DataNormalization,true,213.685,-1.000,171,34,
Ollama/llama3.1:8b,CommandExecution,true,601.058,-1.000,674,107,
Ollama/llama3.1:8b,DataRetrieval,true,444.125,-1.000,463,74,
Ollama/llama3.1:8b,DataNormalization,true,222.847,-1.000,175,38,
Ollama/llama3.1:8b,CommandExecution,true,586.371,-1.000,666,105,
Ollama/llama3.1:8b,DataRetrieval,true,446.873,-1.000,463,74,
Ollama/llama3.1:8b,DataNormalization,true,206.351,-1.000,172,34,
Ollama/llama3.1:8b,CommandExecution,true,560.690,-1.000,650,99,
Ollama/llama3.1:8b,DataRetrieval,true,459.091,-1.000,463,74,
Ollama/llama3.1:8b,DataNormalization,true,215.832,-1.000,172,34,
Ollama/llama3.1:8b,CommandExecution,true,644.803,-1.000,689,112,
Ollama/llama3.1:8b,DataRetrieval,true,448.694,-1.000,461,72,
Ollama/llama3.1:8b,DataNormalization,true,215.725,-1.000,171,34,
Ollama/llama3.1:8b,CommandExecution,true,611.657,-1.000,666,105,
Ollama/llama3.1:8b,DataRetrieval,true,444.902,-1.000,465,74,
Ollama/llama3.1:8b,DataNormalization,true,223.126,-1.000,177,38,
Ollama/llama3.1:8b,CommandExecution,true,587.083,-1.000,666,105,
Ollama/llama3.1:8b,DataRetrieval,true,443.632,-1.000,465,74,
Ollama/llama3.1:8b,DataNormalization,true,201.522,-1.000,171,33,
Ollama/llama3.1:8b,CommandExecution,true,586.660,-1.000,666,105,
Ollama/llama3.1:8b,DataRetrieval,true,445.917,-1.000,465,74,
Ollama/llama3.1:8b,DataNormalization,true,209.631,-1.000,172,33,
Ollama/llama3.1:8b,CommandExecution,true,593.842,-1.000,659,102,
Ollama/llama3.1:8b,DataRetrieval,true,459.079,-1.000,465,74,
Ollama/llama3.1:8b,DataNormalization,true,213.466,-1.000,172,34,
Ollama/llama3.1:8b,CommandExecution,true,629.604,-1.000,689,108,
Ollama/llama3.1:8b,DataRetrieval,true,469.004,-1.000,469,76,
Ollama/llama3.1:8b,DataNormalization,true,202.222,-1.000,172,33,
Ollama/llama3.1:8b,CommandExecution,true,597.511,-1.000,674,107,
Ollama/llama3.1:8b,DataRetrieval,true,450.522,-1.000,469,76,
Ollama/llama3.1:8b,DataNormalization,true,222.058,-1.000,177,38,
Ollama/llama3.1:8b,CommandExecution,true,590.189,-1.000,666,105,
Ollama/llama3.1:8b,DataRetrieval,true,446.306,-1.000,465,74,
Ollama/llama3.1:8b,DataNormalization,true,208.817,-1.000,172,34,
Ollama/llama3.1:8b,CommandExecution,true,576.282,-1.000,650,99,
Ollama/llama3.1:8b,DataRetrieval,true,454.397,-1.000,461,72,
Ollama/llama3.1:8b,DataNormalization,true,213.540,-1.000,171,34,
Ollama/llama3.1:8b,CommandExecution,true,599.311,-1.000,659,102,
Ollama/llama3.1:8b,DataRetrieval,true,460.055,-1.000,463,74,
Ollama/llama3.1:8b,DataNormalization,true,214.600,-1.000,171,34,
Ollama/llama3.1:8b,CommandExecution,true,614.141,-1.000,689,108,
Ollama/llama3.1:8b,DataRetrieval,true,447.439,-1.000,463,74,
Ollama/llama3.1:8b,DataNormalization,true,223.366,-1.000,177,38,
Ollama/llama3.1:8b,CommandExecution,true,598.782,-1.000,674,107,
Ollama/llama3.1:8b,DataRetrieval,true,445.084,-1.000,465,74,
Ollama/llama3.1:8b,DataNormalization,true,203.033,-1.000,171,33,
Ollama/llama3.1:8b,CommandExecution,true,562.609,-1.000,650,99,
Ollama/llama3.1:8b,DataRetrieval,true,452.928,-1.000,465,74,
Ollama/llama3.1:8b,DataNormalization,true,215.057,-1.000,171,34,
Ollama/llama3.1:8b,CommandExecution,true,643.894,-1.000,689,112,
Ollama/llama3.1:8b,DataRetrieval,true,461.229,-1.000,463,74,
Ollama/llama3.1:8b,DataNormalization,true,207.933,-1.000,171,33,
Ollama/llama3.1:8b,CommandExecution,true,612.610,-1.000,666,105,
Ollama/llama3.1:8b,DataRetrieval,true,457.948,-1.000,469,76,
Ollama/llama3.1:8b,DataNormalization,true,224.532,-1.000,175,38,
Ollama/llama3.1:8b,CommandExecution,true,589.429,-1.000,666,105,
Ollama/llama3.1:8b,DataRetrieval,true,431.654,-1.000,461,72,
Ollama/llama3.1:8b,DataNormalization,true,203.659,-1.000,171,33,
Ollama/llama3.1:8b,CommandExecution,true,615.589,-1.000,689,112,
Ollama/llama3.1:8b,DataRetrieval,true,450.747,-1.000,465,74,
Ollama/llama3.1:8b,DataNormalization,true,212.001,-1.000,172,34,
Ollama/llama3.1:8b,CommandExecution,true,597.772,-1.000,659,102,
Ollama/llama3.1:8b,DataRetrieval,true,464.023,-1.000,463,74,
Ollama/llama3.1:8b,DataNormalization,true,230.776,-1.000,175,38,
Ollama/llama3.1:8b,CommandExecution,true,634.503,-1.000,674,107,
Ollama/llama3.1:8b,DataRetrieval,true,465.466,-1.000,463,74,
Ollama/llama3.1:8b,DataNormalization,true,206.523,-1.000,171,34,
Ollama/llama3.1:8b,CommandExecution,true,573.843,-1.000,650,99,
Ollama/llama3.1:8b,DataRetrieval,true,456.411,-1.000,469,76,
Ollama/llama3.1:8b,DataNormalization,true,207.418,-1.000,171,34,
Ollama/llama3.1:8b,CommandExecution,true,573.765,-1.000,659,102,
Ollama/llama3.1:8b,DataRetrieval,true,452.185,-1.000,469,76,
Ollama/llama3.1:8b,DataNormalization,true,205.713,-1.000,172,33,
Ollama/llama3.1:8b,CommandExecution,true,616.295,-1.000,689,108,
Ollama/llama3.1:8b,DataRetrieval,true,459.645,-1.000,463,74,
Ollama/llama3.1:8b,DataNormalization,true,230.959,-1.000,177,38,
Ollama/llama3.1:8b,CommandExecution,true,609.422,-1.000,666,105,
Ollama/qwen2.5:7b,DataRetrieval,true,2297.004,-1.000,579,79,
Ollama/qwen2.5:7b,DataNormalization,true,284.006,-1.000,179,41,
Ollama/qwen2.5:7b,CommandExecution,true,775.468,-1.000,895,120,
Ollama/qwen2.5:7b,DataRetrieval,true,552.607,-1.000,579,79,
Ollama/qwen2.5:7b,DataNormalization,true,290.541,-1.000,186,46,
Ollama/qwen2.5:7b,CommandExecution,true,773.237,-1.000,887,118,
Ollama/qwen2.5:7b,DataRetrieval,true,516.894,-1.000,575,77,
Ollama/qwen2.5:7b,DataNormalization,true,290.542,-1.000,178,40,
Ollama/qwen2.5:7b,CommandExecution,true,791.739,-1.000,886,117,
Ollama/qwen2.5:7b,DataRetrieval,true,506.768,-1.000,570,74,
Ollama/qwen2.5:7b,DataNormalization,true,319.175,-1.000,186,46,
Ollama/qwen2.5:7b,CommandExecution,true,809.142,-1.000,887,118,
Ollama/qwen2.5:7b,DataRetrieval,true,542.452,-1.000,579,79,
Ollama/qwen2.5:7b,DataNormalization,true,278.812,-1.000,184,44,
Ollama/qwen2.5:7b,CommandExecution,true,777.740,-1.000,877,114,
Ollama/qwen2.5:7b,DataRetrieval,true,564.252,-1.000,575,77,
Ollama/qwen2.5:7b,DataNormalization,true,298.568,-1.000,180,42,
Ollama/qwen2.5:7b,CommandExecution,true,760.931,-1.000,877,114,
Ollama/qwen2.5:7b,DataRetrieval,true,542.162,-1.000,569,73,
Ollama/qwen2.5:7b,DataNormalization,true,283.966,-1.000,179,43,
Ollama/qwen2.5:7b,CommandExecution,true,772.995,-1.000,886,117,
Ollama/qwen2.5:7b,DataRetrieval,true,587.996,-1.000,579,79,
Ollama/qwen2.5:7b,DataNormalization,true,288.753,-1.000,178,40,
Ollama/qwen2.5:7b,CommandExecution,true,784.444,-1.000,895,120,
Ollama/qwen2.5:7b,DataRetrieval,true,560.193,-1.000,575,77,
Ollama/qwen2.5:7b,DataNormalization,true,290.100,-1.000,179,43,
Ollama/qwen2.5:7b,CommandExecution,true,825.890,-1.000,895,120,
Ollama/qwen2.5:7b,DataRetrieval,true,562.727,-1.000,570,74,
Ollama/qwen2.5:7b,DataNormalization,true,268.970,-1.000,178,40,
Ollama/qwen2.5:7b,CommandExecution,true,818.773,-1.000,895,120,
Ollama/qwen2.5:7b,DataRetrieval,true,564.792,-1.000,575,77,
Ollama/qwen2.5:7b,DataNormalization,true,300.234,-1.000,179,41,
Ollama/qwen2.5:7b,CommandExecution,true,807.985,-1.000,887,118,
Ollama/qwen2.5:7b,DataRetrieval,true,543.036,-1.000,573,77,
Ollama/qwen2.5:7b,DataNormalization,true,288.805,-1.000,180,43,
Ollama/qwen2.5:7b,CommandExecution,true,835.919,-1.000,886,117,
Ollama/qwen2.5:7b,DataRetrieval,true,533.520,-1.000,570,74,
Ollama/qwen2.5:7b,DataNormalization,true,289.460,-1.000,180,42,
Ollama/qwen2.5:7b,CommandExecution,true,792.921,-1.000,887,118,
Ollama/qwen2.5:7b,DataRetrieval,true,538.894,-1.000,570,74,
Ollama/qwen2.5:7b,DataNormalization,true,340.162,-1.000,186,46,
Ollama/qwen2.5:7b,CommandExecution,true,832.462,-1.000,877,114,
Ollama/qwen2.5:7b,DataRetrieval,true,528.007,-1.000,575,77,
Ollama/qwen2.5:7b,DataNormalization,true,311.571,-1.000,184,44,
Ollama/qwen2.5:7b,CommandExecution,true,780.695,-1.000,877,114,
Ollama/qwen2.5:7b,DataRetrieval,true,570.511,-1.000,573,77,
Ollama/qwen2.5:7b,DataNormalization,true,324.483,-1.000,179,43,
Ollama/qwen2.5:7b,CommandExecution,true,827.435,-1.000,910,125,
Ollama/qwen2.5:7b,DataRetrieval,true,550.634,-1.000,575,77,
Ollama/qwen2.5:7b,DataNormalization,true,305.731,-1.000,186,46,
Ollama/qwen2.5:7b,CommandExecution,true,800.407,-1.000,895,120,
Ollama/qwen2.5:7b,DataRetrieval,true,544.432,-1.000,569,73,
Ollama/qwen2.5:7b,DataNormalization,true,331.863,-1.000,186,46,
Ollama/qwen2.5:7b,CommandExecution,true,820.685,-1.000,886,117,
Ollama/qwen2.5:7b,DataRetrieval,true,547.468,-1.000,569,73,
Ollama/qwen2.5:7b,DataNormalization,true,300.417,-1.000,180,43,
Ollama/qwen2.5:7b,CommandExecution,true,768.884,-1.000,877,114,
Ollama/qwen2.5:7b,DataRetrieval,true,556.594,-1.000,573,77,
Ollama/qwen2.5:7b,DataNormalization,true,323.006,-1.000,179,43,
Ollama/qwen2.5:7b,CommandExecution,true,782.143,-1.000,895,120,
Ollama/qwen2.5:7b,DataRetrieval,true,575.502,-1.000,579,79,
Ollama/qwen2.5:7b,DataNormalization,true,320.503,-1.000,184,44,
Ollama/qwen2.5:7b,CommandExecution,true,786.226,-1.000,877,114,
Ollama/qwen2.5:7b,DataRetrieval,true,533.311,-1.000,573,77,
Ollama/qwen2.5:7b,DataNormalization,true,304.251,-1.000,184,44,
Ollama/qwen2.5:7b,CommandExecution,true,798.134,-1.000,877,114,
Ollama/qwen2.5:7b,DataRetrieval,true,566.791,-1.000,575,77,
Ollama/qwen2.5:7b,DataNormalization,true,298.337,-1.000,179,43,
Ollama/qwen2.5:7b,CommandExecution,true,809.781,-1.000,877,114,
Ollama/qwen2.5:7b,DataRetrieval,true,582.671,-1.000,575,77,
Ollama/qwen2.5:7b,DataNormalization,true,301.525,-1.000,179,43,
Ollama/qwen2.5:7b,CommandExecution,true,832.925,-1.000,895,120,
Ollama/qwen2.5:7b,DataRetrieval,true,564.392,-1.000,570,74,
Ollama/qwen2.5:7b,DataNormalization,true,292.267,-1.000,180,40,
Ollama/qwen2.5:7b,CommandExecution,true,848.702,-1.000,910,125,
Ollama/qwen2.5:7b,DataRetrieval,true,562.605,-1.000,570,74,
Ollama/qwen2.5:7b,DataNormalization,true,303.893,-1.000,180,42,
Ollama/qwen2.5:7b,CommandExecution,true,829.841,-1.000,887,118,
Ollama/qwen2.5:7b,DataRetrieval,true,590.752,-1.000,575,77,
Ollama/qwen2.5:7b,DataNormalization,true,277.092,-1.000,179,41,
Ollama/qwen2.5:7b,CommandExecution,true,820.336,-1.000,895,120,
Ollama/qwen2.5:7b,DataRetrieval,true,585.057,-1.000,573,77,
Ollama/qwen2.5:7b,DataNormalization,true,303.917,-1.000,180,42,
Ollama/qwen2.5:7b,CommandExecution,true,871.741,-1.000,910,125,
Ollama/qwen2.5:7b,DataRetrieval,true,541.279,-1.000,570,74,
Ollama/qwen2.5:7b,DataNormalization,true,338.108,-1.000,186,46,
Ollama/qwen2.5:7b,CommandExecution,true,856.257,-1.000,887,118,
Ollama/qwen2.5:7b,DataRetrieval,true,543.461,-1.000,569,73,
Ollama/qwen2.5:7b,DataNormalization,true,330.451,-1.000,186,46,
Ollama/qwen2.5:7b,CommandExecution,true,827.377,-1.000,886,117,
Ollama/qwen2.5:7b,DataRetrieval,true,571.901,-1.000,575,77,
Ollama/qwen2.5:7b,DataNormalization,true,281.194,-1.000,179,43,
Ollama/qwen2.5:7b,CommandExecution,true,879.801,-1.000,910,125,
Ollama/qwen2.5:7b,DataRetrieval,true,601.915,-1.000,579,79,
Ollama/qwen2.5:7b,DataNormalization,true,313.739,-1.000,179,43,
Ollama/qwen2.5:7b,CommandExecution,true,848.251,-1.000,887,118,
Ollama/qwen2.5:7b,DataRetrieval,true,551.438,-1.000,570,74,
Ollama/qwen2.5:7b,DataNormalization,true,301.048,-1.000,186,46,
Ollama/qwen2.5:7b,CommandExecution,true,821.149,-1.000,877,114,
Ollama/qwen2.5:7b,DataRetrieval,true,562.608,-1.000,573,77,
Ollama/qwen2.5:7b,DataNormalization,true,319.368,-1.000,186,46,
Ollama/qwen2.5:7b,CommandExecution,true,808.735,-1.000,895,120,
Ollama/qwen2.5:7b,DataRetrieval,true,579.570,-1.000,579,79,
Ollama/qwen2.5:7b,DataNormalization,true,296.587,-1.000,180,42,
Ollama/qwen2.5:7b,CommandExecution,true,804.026,-1.000,895,120,
Ollama/qwen2.5:7b,DataRetrieval,true,545.509,-1.000,570,74,
Ollama/qwen2.5:7b,DataNormalization,true,292.209,-1.000,180,42,
Ollama/qwen2.5:7b,CommandExecution,true,818.378,-1.000,886,117,
Ollama/qwen2.5:7b,DataRetrieval,true,572.079,-1.000,573,77,
Ollama/qwen2.5:7b,DataNormalization,true,292.463,-1.000,179,41,
Ollama/qwen2.5:7b,CommandExecution,true,770.764,-1.000,886,117,
Ollama/qwen2.5:7b,DataRetrieval,true,579.089,-1.000,575,77,
Ollama/qwen2.5:7b,DataNormalization,true,266.696,-1.000,178,40,
Ollama/qwen2.5:7b,CommandExecution,true,837.056,-1.000,910,125,
Ollama/qwen2.5:7b,DataRetrieval,true,579.036,-1.000,573,77,
Ollama/qwen2.5:7b,DataNormalization,true,305.870,-1.000,180,43,
Ollama/qwen2.5:7b,CommandExecution,true,803.967,-1.000,887,118,
Ollama/qwen2.5:7b,DataRetrieval,true,573.624,-1.000,570,74,
Ollama/qwen2.5:7b,DataNormalization,true,284.669,-1.000,180,42,
Ollama/qwen2.5:7b,CommandExecution,true,861.975,-1.000,910,125,
Ollama/qwen2.5:7b,DataRetrieval,true,569.364,-1.000,573,77,
Ollama/qwen2.5:7b,DataNormalization,true,294.820,-1.000,186,46,
Ollama/qwen2.5:7b,CommandExecution,true,776.952,-1.000,877,114,
Ollama/qwen2.5:7b,DataRetrieval,true,526.829,-1.000,570,74,
Ollama/qwen2.5:7b,DataNormalization,true,288.742,-1.000,180,43,
Ollama/qwen2.5:7b,CommandExecution,true,832.063,-1.000,887,118,
Ollama/qwen2.5:7b,DataRetrieval,true,593.684,-1.000,579,79,
Ollama/qwen2.5:7b,DataNormalization,true,258.857,-1.000,178,40,
Ollama/qwen2.5:7b,CommandExecution,true,787.142,-1.000,877,114,
Ollama/qwen2.5:7b,DataRetrieval,true,552.131,-1.000,579,79,
Ollama/qwen2.5:7b,DataNormalization,true,316.150,-1.000,186,46,
Ollama/qwen2.5:7b,CommandExecution,true,763.383,-1.000,877,114,
Ollama/qwen2.5:7b,DataRetrieval,true,540.969,-1.000,573,77,
Ollama/qwen2.5:7b,DataNormalization,true,286.409,-1.000,179,41,
Ollama/qwen2.5:7b,CommandExecution,true,794.281,-1.000,887,118,
Ollama/qwen2.5:7b,DataRetrieval,true,544.259,-1.000,570,74,
Ollama/qwen2.5:7b,DataNormalization,true,316.441,-1.000,186,46,
Ollama/qwen2.5:7b,CommandExecution,true,804.554,-1.000,895,120,
Ollama/qwen2.5:7b,DataRetrieval,true,523.309,-1.000,570,74,
Ollama/qwen2.5:7b,DataNormalization,true,273.274,-1.000,180,40,
Ollama/qwen2.5:7b,CommandExecution,true,807.823,-1.000,886,117,
Ollama/qwen2.5:7b,DataRetrieval,true,577.556,-1.000,579,79,
Ollama/qwen2.5:7b,DataNormalization,true,265.463,-1.000,180,40,
Ollama/qwen2.5:7b,CommandExecution,true,818.135,-1.000,887,118,
Ollama/qwen2.5:7b,DataRetrieval,true,522.956,-1.000,569,73,
Ollama/qwen2.5:7b,DataNormalization,true,306.337,-1.000,180,42,
Ollama/qwen2.5:7b,CommandExecution,true,812.784,-1.000,910,125,
Ollama/qwen2.5:7b,DataRetrieval,true,549.166,-1.000,575,77,
Ollama/qwen2.5:7b,DataNormalization,true,286.980,-1.000,179,41,
Ollama/qwen2.5:7b,CommandExecution,true,788.718,-1.000,877,114,
Ollama/qwen2.5:7b,DataRetrieval,true,586.954,-1.000,579,79,
Ollama/qwen2.5:7b,DataNormalization,true,287.980,-1.000,180,43,
Ollama/qwen2.5:7b,CommandExecution,true,768.015,-1.000,877,114,
Ollama/qwen2.5:7b,DataRetrieval,true,569.737,-1.000,569,73,
Ollama/qwen2.5:7b,DataNormalization,true,284.754,-1.000,179,41,
Ollama/qwen2.5:7b,CommandExecution,true,799.889,-1.000,895,120,
Ollama/qwen2.5:7b,DataRetrieval,true,570.686,-1.000,579,79,
Ollama/qwen2.5:7b,DataNormalization,true,286.620,-1.000,180,43,
Ollama/qwen2.5:7b,CommandExecution,true,787.258,-1.000,895,120,
Ollama/qwen2.5:7b,DataRetrieval,true,551.483,-1.000,573,77,
Ollama/qwen2.5:7b,DataNormalization,true,278.149,-1.000,184,44,
Ollama/qwen2.5:7b,CommandExecution,true,738.572,-1.000,886,117,
Ollama/qwen2.5:7b,DataRetrieval,true,489.522,-1.000,569,73,
Ollama/qwen2.5:7b,DataNormalization,true,319.943,-1.000,186,46,
Ollama/qwen2.5:7b,CommandExecution,true,773.285,-1.000,877,114,
Ollama/qwen2.5:7b,DataRetrieval,true,553.574,-1.000,575,77,
Ollama/qwen2.5:7b,DataNormalization,true,264.944,-1.000,178,40,
Ollama/qwen2.5:7b,CommandExecution,true,776.464,-1.000,895,120,
Ollama/qwen2.5:7b,DataRetrieval,true,525.630,-1.000,575,77,
Ollama/qwen2.5:7b,DataNormalization,true,272.607,-1.000,184,44,
Ollama/qwen2.5:7b,CommandExecution,true,782.277,-1.000,877,114,
Ollama/qwen2.5:7b,DataRetrieval,true,543.517,-1.000,575,77,
Ollama/qwen2.5:7b,DataNormalization,true,309.941,-1.000,186,46,
Ollama/qwen2.5:7b,CommandExecution,true,728.676,-1.000,877,114,
Ollama/qwen2.5:7b,DataRetrieval,true,542.814,-1.000,575,77,
Ollama/qwen2.5:7b,DataNormalization,true,242.553,-1.000,178,40,
Ollama/qwen2.5:7b,CommandExecution,true,777.194,-1.000,895,120,
Ollama/qwen2.5:7b,DataRetrieval,true,559.928,-1.000,579,79,
Ollama/qwen2.5:7b,DataNormalization,true,275.494,-1.000,180,40,
Ollama/qwen2.5:7b,CommandExecution,true,739.336,-1.000,887,118,
Ollama/qwen2.5:7b,DataRetrieval,true,502.929,-1.000,569,73,
Ollama/qwen2.5:7b,DataNormalization,true,295.428,-1.000,179,43,
Ollama/qwen2.5:7b,CommandExecution,true,786.811,-1.000,886,117,
Ollama/qwen2.5:7b,DataRetrieval,true,545.558,-1.000,575,77,
Ollama/qwen2.5:7b,DataNormalization,true,286.170,-1.000,186,46,
Ollama/qwen2.5:7b,CommandExecution,true,799.429,-1.000,895,120,
Ollama/qwen2.5:7b,DataRetrieval,true,527.706,-1.000,579,79,
Ollama/qwen2.5:7b,DataNormalization,true,301.779,-1.000,186,46,
Ollama/qwen2.5:7b,CommandExecution,true,768.123,-1.000,887,118,
Ollama/qwen2.5:7b,DataRetrieval,true,570.865,-1.000,579,79,
Ollama/qwen2.5:7b,DataNormalization,true,285.704,-1.000,180,42,
Ollama/qwen2.5:7b,CommandExecution,true,832.159,-1.000,910,125,
Ollama/qwen2.5:7b,DataRetrieval,true,494.415,-1.000,569,73,
Ollama/qwen2.5:7b,DataNormalization,true,266.301,-1.000,178,40,
Ollama/qwen2.5:7b,CommandExecution,true,778.496,-1.000,886,117,
Ollama/qwen2.5:7b,DataRetrieval,true,552.030,-1.000,579,79,
Ollama/qwen2.5:7b,DataNormalization,true,279.734,-1.000,179,41,
Ollama/qwen2.5:7b,CommandExecution,true,770.158,-1.000,886,117,
Ollama/qwen2.5:7b,DataRetrieval,true,523.935,-1.000,569,73,
Ollama/qwen2.5:7b,DataNormalization,true,269.979,-1.000,180,43,
Ollama/qwen2.5:7b,CommandExecution,true,803.346,-1.000,910,125,
Ollama/qwen2.5:7b,DataRetrieval,true,520.551,-1.000,570,74,
Ollama/qwen2.5:7b,DataNormalization,true,265.595,-1.000,180,40,
Ollama/qwen2.5:7b,CommandExecution,true,753.376,-1.000,877,114,
Ollama/qwen2.5:7b,DataRetrieval,true,497.705,-1.000,570,74,
Ollama/qwen2.5:7b,DataNormalization,true,295.108,-1.000,186,46,
Ollama/qwen2.5:7b,CommandExecution,true,775.441,-1.000,895,120,
Ollama/qwen2.5:7b,DataRetrieval,true,495.692,-1.000,569,73,
Ollama/qwen2.5:7b,DataNormalization,true,284.517,-1.000,179,43,
Ollama/qwen2.5:7b,CommandExecution,true,792.725,-1.000,910,125,
Ollama/qwen2.5:7b,DataRetrieval,true,560.031,-1.000,579,79,
Ollama/qwen2.5:7b,DataNormalization,true,270.335,-1.000,179,43,
Ollama/qwen2.5:7b,CommandExecution,true,725.026,-1.000,877,114,
Ollama/qwen2.5:7b,DataRetrieval,true,538.223,-1.000,573,77,
Ollama/qwen2.5:7b,DataNormalization,true,279.571,-1.000,180,42,
Ollama/qwen2.5:7b,CommandExecution,true,787.162,-1.000,887,118,
Ollama/qwen2.5:7b,DataRetrieval,true,555.820,-1.000,579,79,
Ollama/qwen2.5:7b,DataNormalization,true,285.321,-1.000,178,40,
Ollama/qwen2.5:7b,CommandExecution,true,776.031,-1.000,886,117,
Ollama/qwen2.5:7b,DataRetrieval,true,544.226,-1.000,579,79,
Ollama/qwen2.5:7b,DataNormalization,true,282.493,-1.000,179,41,
Ollama/qwen2.5:7b,CommandExecution,true,808.857,-1.000,910,125,
Ollama/qwen2.5:7b,DataRetrieval,true,534.531,-1.000,573,77,
Ollama/qwen2.5:7b,DataNormalization,true,281.179,-1.000,179,43,
Ollama/qwen2.5:7b,CommandExecution,true,769.553,-1.000,886,117,
Ollama/qwen2.5:7b,DataRetrieval,true,557.642,-1.000,573,77,
Ollama/qwen2.5:7b,DataNormalization,true,300.831,-1.000,186,46,
Ollama/qwen2.5:7b,CommandExecution,true,812.376,-1.000,910,125,
Ollama/qwen2.5:7b,DataRetrieval,true,541.815,-1.000,573,77,
Ollama/qwen2.5:7b,DataNormalization,true,272.849,-1.000,178,40,
Ollama/qwen2.5:7b,CommandExecution,true,794.753,-1.000,910,125,
Ollama/qwen2.5:7b,DataRetrieval,true,538.575,-1.000,579,79,
Ollama/qwen2.5:7b,DataNormalization,true,261.372,-1.000,180,40,
Ollama/qwen2.5:7b,CommandExecution,true,759.046,-1.000,886,117,
Ollama/qwen2.5:7b,DataRetrieval,true,550.250,-1.000,575,77,
Ollama/qwen2.5:7b,DataNormalization,true,268.047,-1.000,180,42,
Ollama/qwen2.5:7b,CommandExecution,true,716.914,-1.000,877,114,
Ollama/qwen2.5:7b,DataRetrieval,true,491.157,-1.000,570,74,
Ollama/qwen2.5:7b,DataNormalization,true,292.496,-1.000,180,42,
Ollama/qwen2.5:7b,CommandExecution,true,746.085,-1.000,887,118,
Ollama/qwen2.5:7b,DataRetrieval,true,522.628,-1.000,573,77,
Ollama/qwen2.5:7b,DataNormalization,true,286.438,-1.000,179,43,
Ollama/qwen2.5:7b,CommandExecution,true,754.758,-1.000,887,118,
Ollama/qwen2.5:7b,DataRetrieval,true,539.907,-1.000,575,77,
Ollama/qwen2.5:7b,DataNormalization,true,252.601,-1.000,180,40,
Ollama/qwen2.5:7b,CommandExecution,true,757.934,-1.000,895,120,
Ollama/qwen2.5:7b,DataRetrieval,true,502.391,-1.000,569,73,
Ollama/qwen2.5:7b,DataNormalization,true,305.983,-1.000,184,44,
Ollama/qwen2.5:7b,CommandExecution,true,739.658,-1.000,877,114,
Ollama/qwen2.5:7b,DataRetrieval,true,490.023,-1.000,569,73,
Ollama/qwen2.5:7b,DataNormalization,true,283.270,-1.000,184,44,
Ollama/qwen2.5:7b,CommandExecution,true,757.255,-1.000,895,120,
Ollama/qwen2.5:7b,DataRetrieval,true,496.286,-1.000,569,73,
Ollama/qwen2.5:7b,DataNormalization,true,277.564,-1.000,180,40,
Ollama/qwen2.5:7b,CommandExecution,true,755.052,-1.000,877,114,
Ollama/qwen2.5:7b,DataRetrieval,true,508.488,-1.000,569,73,
Ollama/qwen2.5:7b,DataNormalization,true,262.269,-1.000,180,42,
Ollama/qwen2.5:7b,CommandExecution,true,803.779,-1.000,910,125,
Ollama/qwen2.5:7b,DataRetrieval,true,503.611,-1.000,569,73,
Ollama/qwen2.5:7b,DataNormalization,true,284.037,-1.000,179,43,
Ollama/qwen2.5:7b,CommandExecution,true,754.745,-1.000,887,118,
Ollama/qwen2.5:7b,DataRetrieval,true,505.953,-1.000,569,73,
Ollama/qwen2.5:7b,DataNormalization,true,255.833,-1.000,178,40,
Ollama/qwen2.5:7b,CommandExecution,true,754.569,-1.000,910,125,
Ollama/qwen2.5:7b,DataRetrieval,true,523.397,-1.000,575,77,
Ollama/qwen2.5:7b,DataNormalization,true,262.644,-1.000,180,42,
Ollama/qwen2.5:7b,CommandExecution,true,735.943,-1.000,895,120,
Ollama/qwen2.5:7b,DataRetrieval,true,529.523,-1.000,573,77,
Ollama/qwen2.5:7b,DataNormalization,true,277.740,-1.000,184,44,
Ollama/qwen2.5:7b,CommandExecution,true,799.102,-1.000,910,125,
Ollama/qwen2.5:7b,DataRetrieval,true,509.347,-1.000,573,77,
Ollama/qwen2.5:7b,DataNormalization,true,250.012,-1.000,179,41,
Ollama/qwen2.5:7b,CommandExecution,true,730.483,-1.000,886,117,
Ollama/qwen2.5:7b,DataRetrieval,true,497.828,-1.000,569,73,
Ollama/qwen2.5:7b,DataNormalization,true,270.858,-1.000,178,40,
Ollama/qwen2.5:7b,CommandExecution,true,723.877,-1.000,877,114,
Ollama/qwen2.5:7b,DataRetrieval,true,494.368,-1.000,570,74,
Ollama/qwen2.5:7b,DataNormalization,true,268.025,-1.000,184,44,
Ollama/qwen2.5:7b,CommandExecution,true,715.388,-1.000,886,117,
Ollama/qwen2.5:7b,DataRetrieval,true,491.687,-1.000,569,73,
Ollama/qwen2.5:7b,DataNormalization,true,278.936,-1.000,186,46,
Ollama/qwen2.5:7b,CommandExecution,true,776.458,-1.000,895,120,
Ollama/qwen2.5:7b,DataRetrieval,true,546.861,-1.000,579,79,
Ollama/qwen2.5:7b,DataNormalization,true,271.944,-1.000,179,43,
Ollama/qwen2.5:7b,CommandExecution,true,786.638,-1.000,910,125,
Ollama/qwen2.5:7b,DataRetrieval,true,506.059,-1.000,575,77,
Ollama/qwen2.5:7b,DataNormalization,true,260.481,-1.000,178,40,
Ollama/qwen2.5:7b,CommandExecution,true,735.838,-1.000,886,117,
Ollama/qwen2.5:7b,DataRetrieval,true,511.961,-1.000,573,77,
Ollama/qwen2.5:7b,DataNormalization,true,265.439,-1.000,179,41,
Ollama/qwen2.5:7b,CommandExecution,true,734.883,-1.000,886,117,
Ollama/qwen2.5:7b,DataRetrieval,true,509.659,-1.000,569,73,
Ollama/qwen2.5:7b,DataNormalization,true,267.308,-1.000,179,41,
Ollama/qwen2.5:7b,CommandExecution,true,754.996,-1.000,887,118,
Ollama/qwen2.5:7b,DataRetrieval,true,513.884,-1.000,575,77,
Ollama/qwen2.5:7b,DataNormalization,true,284.564,-1.000,179,43,
Ollama/qwen2.5:7b,CommandExecution,true,712.455,-1.000,887,118,
Ollama/qwen2.5:7b,DataRetrieval,true,513.258,-1.000,573,77,
Ollama/qwen2.5:7b,DataNormalization,true,257.046,-1.000,178,40,
Ollama/qwen2.5:7b,CommandExecution,true,711.917,-1.000,877,114,
